backgrounds/blue2 backgrounds/blue backgrounds/blue_galaxy1 backgrounds/bluedazzle backgrounds/bluegreen backgrounds/darkgreen backgrounds/emerald backgrounds/fiery_galaxy backgrounds/green backgrounds/lightgreen backgrounds/magic_galaxy2 backgrounds/magic_galaxy3 backgrounds/magic_galaxy backgrounds/mustard backgrounds/orange backgrounds/plasma_galaxy backgrounds/purple2 backgrounds/purple backgrounds/red backgrounds/somered backgrounds/starfield backgrounds/verypurple backgrounds/white backgrounds/white_galaxy backgrounds/red_galaxy1 backgrounds/starfield2 backgrounds/starfield3 backgrounds/starfield4 backgrounds/starfield5